system,split,p-pos,r-pos,f-pos,p-neg,r-neg,f-neg,p-neu,r-neu,f-neu,p-macro,r-macro,f-macro
baseline,train,0.9959046909903202,0.999252895031752,0.9975759835912736,0.9942857142857143,0.9985652797704447,0.996420901932713,0.9988620558856999,0.9947116595316041,0.9967825373793452,0.9963508203872449,0.9975099447779336,0.9969264743011106
baseline,dev,0.6375617792421746,0.5536480686695279,0.5926493108728944,0.18522727272727274,0.4116161616161616,0.2554858934169279,0.3544973544973545,0.17402597402597403,0.23344947735191637,0.3924288021556006,0.37976340143722115,0.3605282272139129
baseline,test,0.6387959866220736,0.5482204362801377,0.5900525177633611,0.1579426490669094,0.3938706015891033,0.22547108512020791,0.38762886597938145,0.1844041196665032,0.24991691591890994,0.3947891672227881,0.3754983858452481,0.5482204362801377
improved,train,0.9959046909903202,0.9959046909903202,0.9959046909903202,0.9959046909903202,0.9959046909903202,0.9959046909903202,0.9959046909903202,0.9959046909903202,0.9959046909903202,0.9959046909903202,0.9959046909903202,0.9959046909903202
improved,dev,0.9959046909903202,0.9959046909903202,0.9959046909903202,0.9959046909903202,0.9959046909903202,0.9959046909903202,0.9959046909903202,0.9959046909903202,0.9959046909903202,0.9959046909903202,0.9959046909903202,0.9959046909903202
improved,test,0.9959046909903202,0.9959046909903202,0.9959046909903202,0.9959046909903202,0.9959046909903202,0.9959046909903202,0.9959046909903202,0.9959046909903202,0.9959046909903202,0.9959046909903202,0.9959046909903202,0.9959046909903202
