system,split,p-pos,r-pos,f-pos,p-neg,r-neg,f-neg,p-neu,r-neu,f-neu,p-macro,r-macro,f-macro
baseline,train,0.9945667715184444,0.9997125610807703,0.9971330275229359,0.999813571961223,0.9894833948339483,0.9946216617210683,0.9949494949494949,0.9997462572951028,0.9973421085938489,0.9964432794763874,0.9963140710699404,0.9963655992792844
baseline,dev,0.15765247410817032,0.3936781609195402,0.22514379622021366,0.5983739837398374,0.5601217656012176,0.5786163522012578,0.4068241469816273,0.18023255813953487,0.24979854955680902,0.387616868276545,0.37801082822009757,0.35118623265942683
baseline,test,0.15020482476103778,0.38777908343125733,0.21653543307086612,0.6013377926421405,0.5549382716049382,0.577207062600321,0.4154639175257732,0.18393427658603378,0.25498260044289783,0.3890021783096505,0.3755505438740765,0.38777908343125733
improved,train,0.9998734337425642,0.9948369223019771,0.9973488195934856,0.9962928637627433,0.9998139880952381,0.9980503203045215,0.993974175035868,1.0,0.996977982443517,0.9967134908470586,0.9982169701324052,0.997459040780508
improved,dev,0.8648648648648649,0.5672082717872969,0.6851025869759143,0.4554794520547945,0.7208672086720868,0.5582371458551941,0.2340966921119593,0.647887323943662,0.34392523364485983,0.5181470030105396,0.6453209348010153,0.5290883221586561
improved,test,0.838871187983614,0.5584848484848485,0.6705475714025833,0.4802675585284281,0.6917148362235067,0.5669166995657324,0.20618556701030927,0.6172839506172839,0.3091190108191654,0.5084414378407838,0.6224945451085464,0.5584848484848485
