system,split,p-pos,r-pos,f-pos,p-neg,r-neg,f-neg,p-neu,r-neu,f-neu,p-macro,r-macro,f-macro
baseline,train,0.9996208770377859,0.9940932512253362,0.9968494013862634,0.9951789356573336,1.0,0.9975836431226767,0.9939568345323742,0.9991321955452704,0.9965377957299479,0.9962522157424979,0.9977418155902021,0.9969902800796294
baseline,dev,0.6255707762557078,0.5995623632385121,0.6122905027932962,0.5989761092150171,0.5959252971137521,0.5974468085106384,0.4665012406947891,0.5193370165745856,0.49150326797385624,0.563682708721838,0.5716082256422833,0.5670801930925969
baseline,test,0.6354119253527537,0.5915254237288136,0.6126837831906956,0.5632107023411371,0.5847222222222223,0.5737649063032368,0.4247422680412371,0.4779582366589327,0.4497816593886463,0.5411216319117094,0.5514019608699895,0.5915254237288136
improved,train,0.9996208770377859,0.9996208770377859,0.9996208770377859,0.9996208770377859,0.9996208770377859,0.9996208770377859,0.9996208770377859,0.9996208770377859,0.9996208770377859,0.9996208770377859,0.9996208770377859,0.9996208770377859
improved,dev,0.9996208770377859,0.9996208770377859,0.9996208770377859,0.9996208770377859,0.9996208770377859,0.9996208770377859,0.9996208770377859,0.9996208770377859,0.9996208770377859,0.9996208770377859,0.9996208770377859,0.9996208770377859
improved,test,0.9996208770377859,0.9996208770377859,0.9996208770377859,0.9996208770377859,0.9996208770377859,0.9996208770377859,0.9996208770377859,0.9996208770377859,0.9996208770377859,0.9996208770377859,0.9996208770377859,0.9996208770377859
