system,split,p-pos,r-pos,f-pos,p-neg,r-neg,f-neg,p-neu,r-neu,f-neu,p-macro,r-macro,f-macro
baseline,train,0.9942561746122918,0.9997112330349408,0.996976241900648,0.9993678088253888,0.9948395217117684,0.9970985240317901,0.9961038961038962,0.9992555369439792,0.9976772275387903,0.9965759598471923,0.9979354305635627,0.9972506644904096
baseline,dev,0.4065656565656566,0.4791666666666667,0.43989071038251365,0.6454545454545455,0.605543710021322,0.6248624862486248,0.6044142614601019,0.6023688663282571,0.6033898305084745,0.5521448211601013,0.562359747672082,0.5560476757132043
baseline,test,0.41855670103092785,0.4715447154471545,0.4434735117422174,0.6281292671825216,0.5935483870967742,0.6103494029190623,0.5806020066889632,0.5880758807588076,0.584315045439246,0.5424293249674709,0.5510563277675787,0.4715447154471545
improved,train,0.9937016890924707,0.9994241289951051,0.9965546942291128,0.9992386752950133,0.9944437428968305,0.9968354430379747,0.9959312002959128,0.999257747262943,0.9975917006298629,0.9962905215611323,0.9977085397182929,0.9969939459656502
improved,dev,0.42077922077922075,0.4864864864864865,0.4512534818941504,0.5991189427312775,0.5958378970427163,0.5974739154310817,0.583916083916084,0.5395799676898223,0.5608732157850547,0.534604749142194,0.5406347837396751,0.5365335377034289
improved,test,0.45257731958762887,0.5086906141367323,0.4789961811238407,0.59262630860264,0.5894069714803079,0.5910122560145257,0.6040133779264214,0.5679245283018868,0.5854132901134522,0.5497390020388967,0.5553407046396424,0.5086906141367323
