system,split,p-pos,r-pos,f-pos,p-neg,r-neg,f-neg,p-neu,r-neu,f-neu,p-macro,r-macro,f-macro
baseline,train,0.999432543623209,0.9943542695836274,0.9968869392953162,0.9962224554039875,0.9993684210526316,0.9977929584866001,0.9929078014184397,0.9996754300551769,0.9962801229176776,0.9961876001485455,0.9977993735638119,0.9969866735665315
baseline,dev,0.6413793103448275,0.58125,0.6098360655737706,0.5840197693574959,0.5898502495840267,0.5869205298013245,0.4097938144329897,0.5230263157894737,0.4595375722543353,0.5450642980451043,0.5647088551245002,0.5520980558764769
baseline,test,0.651797906235776,0.5964181591003749,0.622879512831666,0.5953177257525084,0.5843729481286933,0.5897945659377071,0.38969072164948454,0.5121951219512195,0.4426229508196721,0.5456021178792563,0.564328743060096,0.5964181591003749
improved,train,0.9959176099461867,0.9992552597281698,0.9975836431226766,0.9994933502216593,0.9945802873708092,0.9970307663149915,0.9939948527309123,1.0,0.9969883837659543,0.9964686042995861,0.9979451823663262,0.9972009310678741
improved,dev,0.13646532438478748,0.25738396624472576,0.1783625730994152,0.4288135593220339,0.21296296296296297,0.28458942632170975,0.33858267716535434,0.6354679802955665,0.4417808219178082,0.30128718695739193,0.36860496983441843,0.3015776071129777
improved,test,0.14292216659080564,0.25779967159277506,0.18389458272327963,0.4254180602006689,0.21878224974200206,0.2889595638346206,0.3422680412371134,0.6182495344506518,0.44061048440610484,0.30353608934286264,0.36494381859514297,0.25779967159277506
