system,split,p-pos,r-pos,f-pos,p-neg,r-neg,f-neg,p-neu,r-neu,f-neu,p-macro,r-macro,f-macro
baseline,train,0.9993689259119021,0.9952237305178482,0.9972920209081177,0.9950923787528868,0.9994201217744274,0.9972515550412268,0.9961067853170189,0.9994419642857143,0.9977715877437326,0.9968560299939359,0.9980286055259966,0.9974383878976923
baseline,dev,0.5669745958429562,0.6031941031941032,0.5845238095238096,0.4468599033816425,0.5082417582417582,0.4755784061696658,0.6581196581196581,0.5604075691411936,0.6053459119496855,0.5573180524480855,0.557281143525685,0.5551493758810536
baseline,test,0.5748748293126992,0.6025763358778626,0.5883997204751922,0.4515463917525773,0.4699570815450644,0.4605678233438486,0.6160535117056856,0.5636474908200735,0.588686481303931,0.5474915775903207,0.5453936360810002,0.6025763358778626
improved,train,0.9993689259119021,0.9993689259119021,0.9993689259119021,0.9993689259119021,0.9993689259119021,0.9993689259119021,0.9993689259119021,0.9993689259119021,0.9993689259119021,0.9993689259119021,0.9993689259119021,0.9993689259119021
improved,dev,0.9993689259119021,0.9993689259119021,0.9993689259119021,0.9993689259119021,0.9993689259119021,0.9993689259119021,0.9993689259119021,0.9993689259119021,0.9993689259119021,0.9993689259119021,0.9993689259119021,0.9993689259119021
improved,test,0.9993689259119021,0.9993689259119021,0.9993689259119021,0.9993689259119021,0.9993689259119021,0.9993689259119021,0.9993689259119021,0.9993689259119021,0.9993689259119021,0.9993689259119021,0.9993689259119021,0.9993689259119021
