system,split,p-pos,r-pos,f-pos,p-neg,r-neg,f-neg,p-neu,r-neu,f-neu,p-macro,r-macro,f-macro
baseline,train,0.9935608499678042,0.9990288119132406,0.9962873284907183,0.9991408934707904,0.9950092685013546,0.9970708008859042,0.9968918358889349,0.9993768176152887,0.9981327800829874,0.9965311931091764,0.9978049660099613,0.9971636364865367
baseline,dev,0.3873056994818653,0.47086614173228347,0.4250177683013504,0.6299168975069253,0.6006339144215531,0.6149269875608439,0.590633130962706,0.5665557404326124,0.5783439490445861,0.5359519093171655,0.5460185988621497,0.5394295683022602
baseline,test,0.40103092783505156,0.4826302729528536,0.43806306306306303,0.6149294492489759,0.5845954132410212,0.5993788819875776,0.5819397993311036,0.5631067961165048,0.5723684210526316,0.532633392138377,0.5434441607701265,0.4826302729528536
improved,train,0.994017094017094,1.0,0.9969995713673382,0.9994938630899658,0.994585746663309,0.9970337645945093,0.9959016393442623,0.9992523364485981,0.9975741742862475,0.9964708654837741,0.997946027703969,0.9972025034160317
improved,dev,0.39402173913043476,0.6223175965665236,0.4825291181364393,0.791196388261851,0.6127622377622378,0.69064039408867,0.5728314238952537,0.7172131147540983,0.6369426751592356,0.5860165170958465,0.6507643163609532,0.6033707291281148
improved,test,0.3525773195876289,0.6252285191956124,0.45088991430454844,0.7919890760127446,0.5910326086956522,0.6769111067885625,0.5484949832775919,0.7002561912894961,0.6151537884471118,0.5643537929593219,0.6388391063935869,0.6252285191956124
